name,savings
Recreation World RV,x
Big Boy's Toys,x
Niagara Trailers,x
McGoverns RV & Marine Centre,x
Ruston RV Centre,x
Bluenose RV Centre,x
Alexandria Camping Centre,x
1000 Islands RV Centre,x
Cape Breton Trailer Sales,x
Mike Rosman R.V. Sales,-
Camp-Out RV,x
GNR Camping World,-
Mobilife RV Centre,x
Primo RV Centre,x
Kehoe RV,x
Stone's RV & Home Center,x
Ferguson RV World,x
Marble RV,x
Prevost RV & Marine,-
Eldorado RV Sales,-
Passion VR Caravane Vaillancourt,x
Earlton RV,x
Leisure Trailer Sales,x
Toy Master Motor Sports & RV,x
Roulottes Lupien,x
Trailblazer RV Centre,-
Minard's Leisure World Weyburn,x
McPhail's of Harriston,x
Stone RV Sales & Service,x
Roulottes MLR,x
Roulottes Chaudière,x
VR Soulière Sherbrooke,x
Campkin's RV Centre,-
Centre de Camping d'Amos,x
The Hitch House,-
Sellers RV Center,-
Bucars RV Centre,x
Globetrotter RV,x
Holiday RV Super Centre,-
Coastal Outdoors Clarenville,x
Village RV,-
Pik-A-Dilly RV Centre,-
Outdoor Travel,-
Triangle RV,x
Runners RV,x
Vellner Leisure Products,-
Minard's Leisure World Watrous,x
Get-Away RV Centre,x
VR Prestige,x